number,source
888.416.3795,indeed_fxp_valparaiso
888.526.9031,jobs2careers_fxp_valparaiso
888.530.4434,zipalerts_fxp_valparaiso
888.594.6480,craigslist_fxp_valparaiso
888.846.4059,google_fxp_valparaiso
888.869.3817,socialedge_fxp_valparaiso
877.322.1474,indeed_frs_deforest
877.393.6990,jobs2careers_frs_deforest
877.536.0863,zipalerts_frs_deforest
877.565.7324,craigslist_frs_deforest
877.612.3979,google_frs_deforest
877.850.8507,socialedge_frs_deforest
855.331.4566,indeed_frs_youngwood
855.600.3942,jobs2careers_frs_youngwood
855.791.5102,zipalerts_frs_youngwood
855.906.3652,craigslist_frs_youngwood
855.912.8776,google_frs_youngwood
855.240.9307,socialedge_frs_youngwood
844.329.5676,indeed_fty_bolingbrook
844.402.4480,jobs2careers_fty_bolingbrook
844.452.4442,zipalerts_fty_bolingbrook
844.612.6365,craigslist_fty_bolingbrook
844.669.4405,google_fty_bolingbrook
844.746.1371,socialedge_fty_bolingbrook
833.608.3535,indeed_spc_cressona
833.621.4808,jobs2careers_spc_cressona
833.766.5110,zipalerts_spc_cressona
833.766.5169,craigslist_spc_cressona
833.768.7728,google_spc_cressona
833.962.3200,socialedge_spc_cressona
888.522.1505,indeed_spg_gainesville
888.525.5043,jobs2careers_spg_gainesville
888.526.9094,zipalerts_spg_gainesville
888.529.2412,craigslist_spg_gainesville
888.530.8275,google_spg_gainesville
888.595.4196,socialedge_spg_gainesville
877.322.1140,indeed_spi_elkhart
877.393.5276,jobs2careers_spi_elkhart
877.533.9216,zipalerts_spi_elkhart
877.584.8270,craigslist_spi_elkhart
877.612.3035,google_spi_elkhart
877.850.8512,socialedge_spi_elkhart
855.419.5138,indeed_spi_romulus
855.548.0824,jobs2careers_spi_romulus
855.617.1796,zipalerts_spi_romulus
855.697.6564,craigslist_spi_romulus
855.781.4774,google_spi_romulus
855.857.8936,socialedge_spi_romulus